﻿{
  "total": 438,
  "rows": [
    {
      "Id": "e146a3db-b848-443d-ae06-e4308215b7ea",
      "JobId": "a94384d0-ae83-4583-85a2-e5b79dda6f7b",
      "TaskName": "测试爬虫任务3135",
      "TaskLog": "测试定时任务调度框架(d243ab29-586e-4cb3-8066-619a1d79cc1b)，执行失败",
      "BeginTime": "2016-11-20 23:25:00",
      "FinishTime": "2016-11-20 23:25:00",
      "TaskState": 2,
      "JobStateName": "失败",
      "TaskCostTime": "小于1毫秒"
    },
    {
      "Id": "d6da0a3f-7314-43c2-9f99-440f7ac476d2",
      "JobId": "a94384d0-ae83-4583-85a2-e5b79dda6f7b",
      "TaskName": "测试爬虫任务1315",
      "TaskLog": "测试定时任务调度框架(1cd70056-a195-48cf-9bfd-1e60302868f6)，执行失败",
      "BeginTime": "2016-11-20 23:24:59",
      "FinishTime": "2016-11-20 23:24:59",
      "TaskState": 2,
      "JobStateName": "失败",
      "TaskCostTime": "小于1毫秒"
    },
    {
      "Id": "6fe0aed3-6824-470c-b0dc-3af9d04f14b9",
      "JobId": "a94384d0-ae83-4583-85a2-e5b79dda6f7b",
      "TaskName": "测试爬虫任务3411",
      "TaskLog": "测试定时任务调度框架(9ccb5915-d3b8-46be-b598-8040c4a4adb9)，执行失败",
      "BeginTime": "2016-11-20 23:24:00",
      "FinishTime": "2016-11-20 23:24:00",
      "TaskState": 2,
      "JobStateName": "失败",
      "TaskCostTime": "小于1毫秒"
    },
    {
      "Id": "186be04b-2a38-49bb-a621-75c7f9bdf75d",
      "JobId": "a94384d0-ae83-4583-85a2-e5b79dda6f7b",
      "TaskName": "测试爬虫任务6575",
      "TaskLog": "测试定时任务调度框架(b693e234-a0d7-4b1e-9e46-8c7ca4151960)，执行成功",
      "BeginTime": "2016-11-20 23:23:59",
      "FinishTime": "2016-11-20 23:23:59",
      "TaskState": 1,
      "JobStateName": "成功",
      "TaskCostTime": "小于1毫秒"
    },
    {
      "Id": "b59baa39-a160-4f3b-bed8-93f4ebd248df",
      "JobId": "a94384d0-ae83-4583-85a2-e5b79dda6f7b",
      "TaskName": "测试爬虫任务5640",
      "TaskLog": "测试定时任务调度框架(0b253127-fa77-40df-8e6c-07f6259396d9)，执行失败",
      "BeginTime": "2016-11-20 23:23:00",
      "FinishTime": "2016-11-20 23:23:00",
      "TaskState": 2,
      "JobStateName": "失败",
      "TaskCostTime": "小于1毫秒"
    },
    {
      "Id": "ca2e2db9-c0c9-4891-ad71-b87f394316d2",
      "JobId": "a94384d0-ae83-4583-85a2-e5b79dda6f7b",
      "TaskName": "测试爬虫任务6295",
      "TaskLog": "测试定时任务调度框架(bd7f173d-e1e3-4ad3-ae60-4a0242c38681)，执行成功",
      "BeginTime": "2016-11-20 23:22:59",
      "FinishTime": "2016-11-20 23:22:59",
      "TaskState": 1,
      "JobStateName": "成功",
      "TaskCostTime": "小于1毫秒"
    },
    {
      "Id": "431a16e5-5f69-4027-b94d-87b93aac75b4",
      "JobId": "a94384d0-ae83-4583-85a2-e5b79dda6f7b",
      "TaskName": "测试爬虫任务2536",
      "TaskLog": "测试定时任务调度框架(038bcfaa-1884-4d12-820d-fbc0aeb135df)，执行成功",
      "BeginTime": "2016-11-20 23:22:00",
      "FinishTime": "2016-11-20 23:22:00",
      "TaskState": 1,
      "JobStateName": "成功",
      "TaskCostTime": "小于1毫秒"
    },
    {
      "Id": "acb2777c-772d-4a4b-8d8f-b118a9cfb04a",
      "JobId": "a94384d0-ae83-4583-85a2-e5b79dda6f7b",
      "TaskName": "测试爬虫任务7967",
      "TaskLog": "测试定时任务调度框架(5b6027d9-d717-42a7-9741-e203b5cd2d53)，执行失败",
      "BeginTime": "2016-11-20 23:21:59",
      "FinishTime": "2016-11-20 23:21:59",
      "TaskState": 2,
      "JobStateName": "失败",
      "TaskCostTime": "小于1毫秒"
    },
    {
      "Id": "30f40dd1-2591-4915-a38e-77f29a7f4436",
      "JobId": "a94384d0-ae83-4583-85a2-e5b79dda6f7b",
      "TaskName": "测试爬虫任务9748",
      "TaskLog": "测试定时任务调度框架(32905a36-172f-4eef-8d82-dfe9893f1c05)，执行失败",
      "BeginTime": "2016-11-20 23:21:00",
      "FinishTime": "2016-11-20 23:21:00",
      "TaskState": 2,
      "JobStateName": "失败",
      "TaskCostTime": "小于1毫秒"
    },
    {
      "Id": "cec91f0a-6f91-4adb-a27a-1559ba8bea69",
      "JobId": "a94384d0-ae83-4583-85a2-e5b79dda6f7b",
      "TaskName": "测试爬虫任务403",
      "TaskLog": "测试定时任务调度框架(0b381cc9-e450-4179-81c2-ba0682cfa5bd)，执行成功",
      "BeginTime": "2016-11-20 23:20:59",
      "FinishTime": "2016-11-20 23:20:59",
      "TaskState": 1,
      "JobStateName": "成功",
      "TaskCostTime": "1.0001毫秒"
    },
    {
      "Id": "eb614a9a-9100-46e0-82e5-53da463cbc4f",
      "JobId": "a94384d0-ae83-4583-85a2-e5b79dda6f7b",
      "TaskName": "测试爬虫任务548",
      "TaskLog": "测试定时任务调度框架(67c4a7af-4867-437f-be3c-cd3278d32d1f)，执行成功",
      "BeginTime": "2016-11-20 23:20:00",
      "FinishTime": "2016-11-20 23:20:00",
      "TaskState": 1,
      "JobStateName": "成功",
      "TaskCostTime": "小于1毫秒"
    },
    {
      "Id": "a13a5e0f-20a2-44c4-a40f-f9aee26f18a5",
      "JobId": "a94384d0-ae83-4583-85a2-e5b79dda6f7b",
      "TaskName": "测试爬虫任务4027",
      "TaskLog": "测试定时任务调度框架(05a74396-bc73-4f77-874a-e76da7187f3c)，执行成功",
      "BeginTime": "2016-11-20 23:19:59",
      "FinishTime": "2016-11-20 23:19:59",
      "TaskState": 1,
      "JobStateName": "成功",
      "TaskCostTime": "小于1毫秒"
    },
    {
      "Id": "ee77baf2-6384-454f-a8c9-692e4cf9f5a2",
      "JobId": "a94384d0-ae83-4583-85a2-e5b79dda6f7b",
      "TaskName": "测试爬虫任务268",
      "TaskLog": "测试定时任务调度框架(b05369e6-028d-4e2f-a5da-75d4ec86703d)，执行成功",
      "BeginTime": "2016-11-20 23:19:00",
      "FinishTime": "2016-11-20 23:19:00",
      "TaskState": 1,
      "JobStateName": "成功",
      "TaskCostTime": "小于1毫秒"
    },
    {
      "Id": "d92238c2-42ce-4014-8f32-4323fc960fcb",
      "JobId": "a94384d0-ae83-4583-85a2-e5b79dda6f7b",
      "TaskName": "测试爬虫任务923",
      "TaskLog": "测试定时任务调度框架(9026d407-9915-43c5-a0ce-509bc9f06615)，执行成功",
      "BeginTime": "2016-11-20 23:18:59",
      "FinishTime": "2016-11-20 23:18:59",
      "TaskState": 1,
      "JobStateName": "成功",
      "TaskCostTime": "小于1毫秒"
    },
    {
      "Id": "86bcac9d-13aa-4823-8020-c1d561059236",
      "JobId": "a94384d0-ae83-4583-85a2-e5b79dda6f7b",
      "TaskName": "测试爬虫任务3892",
      "TaskLog": "测试定时任务调度框架(f2635e8d-7097-4406-94ef-69f2fd414acf)，执行失败",
      "BeginTime": "2016-11-20 23:18:00",
      "FinishTime": "2016-11-20 23:18:00",
      "TaskState": 2,
      "JobStateName": "失败",
      "TaskCostTime": "小于1毫秒"
    },
    {
      "Id": "bfc20f7b-bd8e-4aae-84d4-e4ed2b11800b",
      "JobId": "a94384d0-ae83-4583-85a2-e5b79dda6f7b",
      "TaskName": "测试爬虫任务2595",
      "TaskLog": "测试定时任务调度框架(9d8e47eb-28ae-409b-ae8b-49e89edac516)，执行成功",
      "BeginTime": "2016-11-20 23:17:59",
      "FinishTime": "2016-11-20 23:17:59",
      "TaskState": 1,
      "JobStateName": "成功",
      "TaskCostTime": "小于1毫秒"
    },
    {
      "Id": "80cd0c70-042f-441d-90f0-46f301c756e1",
      "JobId": "a94384d0-ae83-4583-85a2-e5b79dda6f7b",
      "TaskName": "测试爬虫任务9675",
      "TaskLog": "测试定时任务调度框架(3f97a1f8-2256-4840-aa0c-446de621766b)，执行失败",
      "BeginTime": "2016-11-20 23:17:00",
      "FinishTime": "2016-11-20 23:17:00",
      "TaskState": 2,
      "JobStateName": "失败",
      "TaskCostTime": "小于1毫秒"
    },
    {
      "Id": "de32322f-849f-4012-ba9c-bfe45d465668",
      "JobId": "a94384d0-ae83-4583-85a2-e5b79dda6f7b",
      "TaskName": "测试爬虫任务9251",
      "TaskLog": "测试定时任务调度框架(7527f57f-9144-4d53-969f-b66776e4ca6f)，执行失败",
      "BeginTime": "2016-11-20 23:16:59",
      "FinishTime": "2016-11-20 23:16:59",
      "TaskState": 2,
      "JobStateName": "失败",
      "TaskCostTime": "小于1毫秒"
    },
    {
      "Id": "561441b8-59d5-414e-8ab0-91e97a3e6ce3",
      "JobId": "a94384d0-ae83-4583-85a2-e5b79dda6f7b",
      "TaskName": "测试爬虫任务508",
      "TaskLog": "测试定时任务调度框架(eb7579dc-6f92-4f36-884d-2baf79ea596f)，执行成功",
      "BeginTime": "2016-11-20 23:16:00",
      "FinishTime": "2016-11-20 23:16:00",
      "TaskState": 1,
      "JobStateName": "成功",
      "TaskCostTime": "小于1毫秒"
    },
    {
      "Id": "25a35352-8daa-4545-b22d-7b4115c942ab",
      "JobId": "a94384d0-ae83-4583-85a2-e5b79dda6f7b",
      "TaskName": "测试爬虫任务9527",
      "TaskLog": "测试定时任务调度框架(8fb9fb43-a8f2-443e-9907-286e7089eba5)，执行失败",
      "BeginTime": "2016-11-20 23:15:59",
      "FinishTime": "2016-11-20 23:15:59",
      "TaskState": 2,
      "JobStateName": "失败",
      "TaskCostTime": "小于1毫秒"
    }
  ],
  "page": 1,
  "records": 8741,
  "costtime": "202"
}