﻿[{"id":"7ae94059-9aa5-48eb-8330-4e2a6565b193","text":"系统管理","value":"7ae94059-9aa5-48eb-8330-4e2a6565b193","img":"fa fa-desktop","parentnodes":"0","showcheck":false,"isexpand":true,"complete":true,"hasChildren":true,"ChildNodes":[{"id":"34e362f4-c220-4fb7-b3f0-288c83417cb3","text":"系统功能","value":"34e362f4-c220-4fb7-b3f0-288c83417cb3","img":"fa fa-navicon","parentnodes":"7ae94059-9aa5-48eb-8330-4e2a6565b193","showcheck":false,"isexpand":true,"complete":true,"hasChildren":false,"ChildNodes":[]},{"id":"f21fa3a0-c523-4d02-99ca-fd8dd3ae3d59","text":"系统日志","value":"f21fa3a0-c523-4d02-99ca-fd8dd3ae3d59","img":"fa fa-warning","parentnodes":"7ae94059-9aa5-48eb-8330-4e2a6565b193","showcheck":false,"isexpand":true,"complete":true,"hasChildren":false,"ChildNodes":[]},{"id":"0d1d4ff3-01ac-4a0f-b935-694c0f54978f","text":"字典管理","value":"0d1d4ff3-01ac-4a0f-b935-694c0f54978f","img":"fa fa-credit-card","parentnodes":"7ae94059-9aa5-48eb-8330-4e2a6565b193","showcheck":false,"isexpand":true,"complete":true,"hasChildren":false,"ChildNodes":[]},{"id":"d6439b74-5dfe-4f97-90e4-778138bc9908","text":"任务调度平台","value":"d6439b74-5dfe-4f97-90e4-778138bc9908","img":"fa fa-calendar-plus-o","parentnodes":"7ae94059-9aa5-48eb-8330-4e2a6565b193","showcheck":false,"isexpand":true,"complete":true,"hasChildren":false,"ChildNodes":[]}]},{"id":"82e71a3f-7c97-4269-92bb-e42bf4b6d84b","text":"内容管理","value":"82e71a3f-7c97-4269-92bb-e42bf4b6d84b","img":"icon-book-open","parentnodes":"0","showcheck":false,"isexpand":true,"complete":true,"hasChildren":true,"ChildNodes":[{"id":"67638cf4-cbe2-4d2b-8ebc-10b952d51ce6","text":"通知公告管理","value":"67638cf4-cbe2-4d2b-8ebc-10b952d51ce6","img":"fa fa-commenting-o","parentnodes":"82e71a3f-7c97-4269-92bb-e42bf4b6d84b","showcheck":false,"isexpand":true,"complete":true,"hasChildren":false,"ChildNodes":[]},{"id":"520f83e3-d254-4475-8be0-00c89040c64a","text":"消息中心","value":"520f83e3-d254-4475-8be0-00c89040c64a","img":"fa fa-commenting","parentnodes":"82e71a3f-7c97-4269-92bb-e42bf4b6d84b","showcheck":false,"isexpand":true,"complete":true,"hasChildren":false,"ChildNodes":[]}]},{"id":"9631d82e-c073-46fd-8f5b-fdac913065eb","text":"组织管理","value":"9631d82e-c073-46fd-8f5b-fdac913065eb","img":"icon-users","parentnodes":"0","showcheck":false,"isexpand":true,"complete":true,"hasChildren":true,"ChildNodes":[{"id":"9bfd368a-b899-4635-b3d6-a06e9c79ad2a","text":"用户管理","value":"9bfd368a-b899-4635-b3d6-a06e9c79ad2a","img":"icon-user","parentnodes":"9631d82e-c073-46fd-8f5b-fdac913065eb","showcheck":false,"isexpand":true,"complete":true,"hasChildren":false,"ChildNodes":[]},{"id":"9d1ef73d-2a2c-4110-abb9-16617f27b899","text":"组织管理1","value":"9d1ef73d-2a2c-4110-abb9-16617f27b899","parentnodes":"9631d82e-c073-46fd-8f5b-fdac913065eb","showcheck":false,"isexpand":true,"complete":true,"hasChildren":false,"ChildNodes":[]},{"id":"23365a0d-8a18-4a17-a4ca-3fae431f4b3e","text":"角色管理","value":"23365a0d-8a18-4a17-a4ca-3fae431f4b3e","img":"fa fa-anchor","parentnodes":"9631d82e-c073-46fd-8f5b-fdac913065eb","showcheck":false,"isexpand":true,"complete":true,"hasChildren":false,"ChildNodes":[]},{"id":"9ccde5ac-7113-4007-b1eb-d9180418e883","text":"部门管理1","value":"9ccde5ac-7113-4007-b1eb-d9180418e883","parentnodes":"9631d82e-c073-46fd-8f5b-fdac913065eb","showcheck":false,"isexpand":true,"complete":true,"hasChildren":false,"ChildNodes":[]},{"id":"5c3bf027-1f99-4987-b4b8-b5534d812323","text":"岗位管理","value":"5c3bf027-1f99-4987-b4b8-b5534d812323","img":"fa fa-institution","parentnodes":"9631d82e-c073-46fd-8f5b-fdac913065eb","showcheck":false,"isexpand":true,"complete":true,"hasChildren":false,"ChildNodes":[]},{"id":"05cc2f40-582b-4894-b230-9d173e179f94","text":"职位管理","value":"05cc2f40-582b-4894-b230-9d173e179f94","img":"fa fa-graduation-cap","parentnodes":"9631d82e-c073-46fd-8f5b-fdac913065eb","showcheck":false,"isexpand":true,"complete":true,"hasChildren":false,"ChildNodes":[]},{"id":"b238d958-b46b-454f-a7ef-be72d7cfcfa3","text":"用户组管理","value":"b238d958-b46b-454f-a7ef-be72d7cfcfa3","img":"fa fa-group","parentnodes":"9631d82e-c073-46fd-8f5b-fdac913065eb","showcheck":false,"isexpand":true,"complete":true,"hasChildren":false,"ChildNodes":[]}]},{"id":"9631d82e-c073-46fd-8f5b-fdac913065ec","text":"部门管理","value":"9631d82e-c073-46fd-8f5b-fdac913065ec","img":"icon-users","parentnodes":"0","showcheck":false,"isexpand":true,"complete":true,"hasChildren":false,"ChildNodes":[]}]