﻿[
  {
    "Id": "7ae94059-9aa5-48eb-8330-4e2a6565b193",
    "ParentId": "0",
    "EnCode": "SysManage",
    "FullName": "系统管理",
    "Icon": "fa fa-desktop",
    "Target": "4",
    "IsMenu": 1,
    "AllowExpand": 1,
    "IsPublic": 0,
    "AllowDelete": 0,
    "SortCode": 1,
    "EnabledMark": 1,
    "CreationTime": "2016-10-07 00:00:00",
    "CreatorUserId": "System",
    "IsDeleted": false
  },
  {
    "Id": "82e71a3f-7c97-4269-92bb-e42bf4b6d84b",
    "ParentId": "0",
    "EnCode": "ContentMgr",
    "FullName": "内容管理",
    "Icon": "icon-book-open",
    "Target": "4",
    "IsMenu": 1,
    "AllowExpand": 1,
    "IsPublic": 0,
    "SortCode": 3,
    "EnabledMark": 1,
    "CreationTime": "2016-11-10 22:32:02",
    "CreatorUserId": "System",
    "CreateUserName": "超级管理员",
    "IsDeleted": false
  },
  {
    "Id": "9631d82e-c073-46fd-8f5b-fdac913065eb",
    "ParentId": "0",
    "EnCode": "organizeMgr",
    "FullName": "组织管理",
    "Icon": "icon-users",
    "UrlAddress": "SysMgr/OrganizeMgr/Index",
    "Target": "4",
    "IsMenu": 1,
    "AllowExpand": 1,
    "IsPublic": 0,
    "SortCode": 5,
    "EnabledMark": 1,
    "CreationTime": "2016-11-01 20:57:24",
    "CreatorUserId": "4f0125ce-27f3-449c-bf2e-77db7ffd7a8d",
    "CreateUserName": "tianzh",
    "IsDeleted": false
  },
  {
    "Id": "9631d82e-c073-46fd-8f5b-fdac913065ec",
    "ParentId": "0",
    "EnCode": "DepartmentMgr",
    "FullName": "部门管理",
    "Icon": "icon-users",
    "UrlAddress": "SysMgr/DepartmentMgr/Index",
    "Target": "4",
    "IsMenu": 1,
    "AllowExpand": 1,
    "IsPublic": 0,
    "SortCode": 5,
    "EnabledMark": 1,
    "CreationTime": "2016-11-01 20:57:24",
    "CreatorUserId": "4f0125ce-27f3-449c-bf2e-77db7ffd7a8d",
    "CreateUserName": "tianzh",
    "IsDeleted": false
  }
]